# --------------------- Inserção de Dados nas tabelas ------------------------------------------------------- 
use agencia_de_viagens;
insert into cidade
values
('01','Fortaleza','CE'),
('02','Brasília','DF'),
('03','Rio de Janeiro','RJ');

insert into voo
/* para fortaleza */
values
('01','2016-04-01','TAM'),
('02','2016-04-01','GOL'),
('03','2016-04-02','TAM'),
('04','2016-04-02','GOL'),
('05','2016-04-03','TAM'),
('06','2016-04-03','GOL'),
/* Para Brasília */
('07','2016-04-01','TAM'),
('08','2016-04-01','GOL'),
('09','2016-04-02','TAM'),
('10','2016-04-02','GOL'),
('11','2016-04-03','TAM'),
('12','2016-04-03','GOL'),
/* Para Rio de Janeiro */
('13','2016-04-01','TAM'),
('14','2016-04-01','GOL'),
('15','2016-04-02','TAM'),
('16','2016-04-02','GOL'),
('17','2016-04-03','TAM'),
('18','2016-04-03','GOL'); 

insert into vai_para
values
/* Para Fortaleza */
('01','01','13:00:00','16:30:00','250.85','10'),
('01','02','20:00:00','23:30:00','250.85','8'),
('01','03','13:00:00','16:30:00','250.85','11'),
('01','04','20:00:00','23:30:00','250.85','15'),
('01','05','13:00:00','16:30:00','250.85','5'),
('01','06','20:00:00','23:30:00','250.85','10'),
/* Para Brasíia */
('02','07','13:00:00','17:30:00','450.85','12'),
('02','08','20:00:00','00:30:00','450.85','15'),
('02','09','13:00:00','17:30:00','450.00','20'),
('02','10','20:00:00','00:30:00','475.85','25'),
('02','11','13:00:00','18:30:00','500.85','35'),
('02','12','20:00:00','00:30:00','500.00','14'),
/* Para Rio de Janeiro */
('03','13','13:00:00','18:30:00','750.85','14'),
('03','14','20:00:00','01:30:00','750.85','14'),
('03','15','13:00:00','18:30:00','800.00','20'),
('03','16','20:00:00','01:40:00','575.50','29'),
('03','17','12:00:00','18:20:00','500.85','3'),
('03','18','20:00:00','02:00:00','580.60','2');

insert into hotel
values
/* Fortaleza */
('01','05','Vila Galé Fortaleza','1','60182001','Praia do Futuro 2','4189','Avenida Dioguinho','01'),
('02','04','Crocobeach Hotel','1','60180005','Praia do Futuro 1','3700','Av Clovis Arrais','01'),
('03','03','Vila Galé Fortaleza','0','60165050','Praia De Iracema','800','Av Historiador Raimundo Girao','01'),
/* Brasília */
('04','05','Blue Tree Premium Jade','1',null,'Guará Park Sul','15','Rua SGCV Sul','02'),
('05','04','Athos Bulcão','1','70750000','Asa norte','0','Setor hoteleiro Norte','02'),
('06','03','Fusion Express','0','70701000','Asa norte','0','Setor hoteleiro Norte','02'),
/* Rio de Janeiro */
('07','05','Rio Othon Palacy','1','22070001','Copacabana','3264','Avenida Atlântica','03'),
('08','04','Windsor Oceanico','1','22620220','Barra da Tijuca','129','Rua Martinho de Mesquita','03'),
('09','03','Ipanema Tower Residence','0','22420040','Ipanema','1008','Rua Prudente de Morais','03');

insert into quarto
values
/* Fortaleza */
/* hotel 01 */
('101','1','padrao','450.00','3','01'),
('102','1','suite vip','550.00','3','01'),
('201','0','suite presidencial','650.00','2','01'),
('202','1','suite vip','550.00','2','01'),
/* hotel 02 */
('101','0','padrao','550.00','5','02'),
('102','1','suite vip','350.00','2','02'),
('201','1','suite presidencial','420.00','2','02'),
('202','0','padrao','500.00','4','02'),
/* hotel 03 */
('101','1','padrao','150.00','2','03'),
('102','1','suite vip','250.00','2','03'),
('201','1','suite vip','300.00','2','03'),
('202','0','padrao','200.00','3','03'),
/* Brasília */
/* hotel 01 */
('101','0','padrao','450.00','3','04'),
('102','1','suite vip','550.00','3','04'),
('201','1','suite presidencial','650.00','2','04'),
('202','1','padrao','400.00','2','04'),
/* hotel 02 */
('101','1','padrao','550.00','5','05'),
('102','1','suite vip','350.00','2','05'),
('201','1','suite presidencial','420.00','2','05'),
('202','1','padrao','500.00','4','05'),
/* hotel 03 */
('101','1','padrao','150.00','2','06'),
('102','1','suite vip','250.00','2','06'),
('201','1','suite vip','350.00','3','06'),
('202','0','padrao','350.00','5','06'),
/* Rio de Janeiro */
/* hotel 01 */
('101','1','padrao','550.00','2','07'),
('102','1','suite vip','650.00','2','07'),
('201','0','suite presidencial','750.00','2','07'),
('202','1','suite vip','650.00','2','07'),
/* hotel 02 */
('101','0','padrao','450.00','3','08'),
('102','1','padrao','400.00','2','08'),
('201','0','suite presidencial','500.00','2','08'),
('202','1','padrao','400.00','2','08'),
/* hotel 03 */
('101','1','padrao','220.00','2','09'),
('102','1','padrao','370.00','4','09'),
('201','1','suite vip','300.00','2','09'),
('202','0','padrao','310.00','3','09');

insert into funcionario
values
('11601','admin','Rafael'),
('11602','admin','Danilo'),
('11603','comum','João'),
('11604','comum','Márcia'),
('11605','comum','Rodrigo'),
('11606','comum','Taís');

insert into cliente
values
('19337264749','Antonio Carlos Sabino','9888765642',null,'antonio_cs@hotmail.com','24900000','Jacaroá','34','AV LAGOMAR'),
('42159270130','Giuliano Cardeal Nogueira','98987675434',null,'guiliano_cn@gmail.com','65067820','Alemanha','50','rua 30'),
('77568893120','Ana Maria Machado da Silva','98981238765','98981233243','ana_23@gmail.com','65784830','Anil','34','rua 20'),
('04348023360','Rafael Rani Santos Martins','98988940004','9832389863','ranny008@hotmail.com','65054820','Cohatrac','35','rua 30'),
('02452407305','Adriana Pereira Almeida','98987670081',null,'adricca2.6@gmail.com','65054820','Cohatrac','34','rua 30'),
('81914385500','Cauê Isaac Nathan Araújo','98983537336','9828011874','caue_isaac@digitalsj.com.br','65081496','Vila Embratel','390','Rua Jatobás'),
('70748083774','Rebeca Ana Lara Barros','9828343718','98987770567','rebeca_ana@studiodeideias.com',null,'Vila Embratel','835','Rua Jatobás'),
('78671719677','Bárbara Letícia Cardoso','9827456976','98987901625','barbara.leticia@gmail.com','65235970','Centro','242','Rua Felipe Ronduru 52'),
('01617953822','Nicole Melissa Luna Souza','75985448410',null,null,'48170970','Centro','728','Avenida Estelita Falcão 12');

insert into pacote
values
('01','2016-03-23','100.00','19337264749','11601'),
('02','2016-03-23','100.00','42159270130','11601'),
('03','2016-03-23','100.0','77568893120','11602'),
('04','2016-03-24','100.00','04348023360','11601'),
('05','2016-03-24','100.00','02452407305','11603'),
('06','2016-03-24','100.00','81914385500','11603'),
('07','2016-03-24','100.00','70748083774','11604'),
('08','2016-03-25','100.00','78671719677','11605'),
('09','2016-03-25','100.00','01617953822','11606'),
('10','2016-03-25','100.00','19337264749','11602'),
('11','2016-03-26','150.00','42159270130','11601'),
('12','2016-03-26','150.00','77568893120','11606'),
('13','2016-03-26','150.00','42159270130','11606');

insert into gera(id_pacote,cod_cidade,nro_voo,cod_hotel,nro_quarto)
values
('01','01','04','03','201'),
('02','02','09','05','101'),
('03','01','02','03','101'),
('04','01','04','03','201'),
('05','03','18','07','201'),
('06','03','14','09','101'),
('07','02','11','05','102'),
('08','01','04','01','202'),
('09','03','13','08','202'),
('10','01','06','02','101'),
('11','01','01','02','102'),
('12','02','10','06','101'),
('13','03','15','09','202');